acc,prec,rec,f1,roc_auc,pr_auc,set,model
0.75,0.2,0.5,0.2857142857142857,0.6822222222222223,0.22588745097470103,CM1,LogReg
0.78,0.16666666666666666,0.3,0.21428571428571427,0.643888888888889,0.1792327015090173,CM1,RF
0.75,0.058823529411764705,0.1,0.07407407407407407,0.5366666666666667,0.12742919380479606,CM1,GNB
0.7232109049602423,0.3032994923857868,0.5676959619952494,0.39536807278742764,0.7239594701589951,0.3602870765838634,JM1,LogReg
0.8360469519121545,0.4817073170731707,0.3752969121140142,0.4218958611481976,0.8017868224519056,0.4384738822050035,JM1,RF
0.8254449072321091,0.41735537190082644,0.23990498812351543,0.3046757164404223,0.705738160963814,0.31338813732193094,JM1,GNB
0.7724346838318819,0.3598130841121495,0.5486935866983373,0.43461900282220134,0.7643084890115769,0.39168740752788644,JM1,RF_tuned
